{
    "confusion_matrix": {
        "TN": 6,
        "FP": 6,
        "FN": 8,
        "TP": 12
    },
    "accuracy": 0.5625,
    "balanced_accuracy": 0.55,
    "precision": 0.6666666666666666,
    "recall": 0.6,
    "f1_score": 0.631578947368421,
    "auc": 0.5916666666666667,
    "tpr": [
        0.0,
        0.05,
        0.05,
        0.2,
        0.2,
        0.4,
        0.4,
        0.5,
        0.5,
        0.55,
        0.55,
        0.6,
        0.6,
        0.75,
        0.75,
        0.85,
        0.85,
        1.0,
        1.0
    ],
    "fpr": [
        0.0,
        0.0,
        0.08333333333333333,
        0.08333333333333333,
        0.25,
        0.25,
        0.3333333333333333,
        0.3333333333333333,
        0.4166666666666667,
        0.4166666666666667,
        0.5,
        0.5,
        0.5833333333333334,
        0.5833333333333334,
        0.6666666666666666,
        0.6666666666666666,
        0.75,
        0.75,
        1.0
    ]
}