{
    "confusion_matrix": {
        "TN": 8,
        "FP": 3,
        "FN": 13,
        "TP": 8
    },
    "accuracy": 0.5,
    "balanced_accuracy": 0.5541125541125541,
    "precision": 0.7272727272727273,
    "recall": 0.38095238095238093,
    "f1_score": 0.5,
    "auc": 0.7186147186147186,
    "tpr": [
        0.0,
        0.047619047619047616,
        0.047619047619047616,
        0.2857142857142857,
        0.2857142857142857,
        0.38095238095238093,
        0.38095238095238093,
        0.6190476190476191,
        0.6190476190476191,
        0.8095238095238095,
        0.8095238095238095,
        0.8571428571428571,
        0.8571428571428571,
        0.9047619047619048,
        0.9047619047619048,
        1.0,
        1.0
    ],
    "fpr": [
        0.0,
        0.0,
        0.09090909090909091,
        0.09090909090909091,
        0.18181818181818182,
        0.18181818181818182,
        0.2727272727272727,
        0.2727272727272727,
        0.36363636363636365,
        0.36363636363636365,
        0.45454545454545453,
        0.45454545454545453,
        0.5454545454545454,
        0.5454545454545454,
        0.6363636363636364,
        0.6363636363636364,
        1.0
    ]
}