{
    "confusion_matrix": {
        "TN": 7,
        "FP": 9,
        "FN": 4,
        "TP": 12
    },
    "accuracy": 0.59375,
    "balanced_accuracy": 0.59375,
    "precision": 0.5714285714285714,
    "recall": 0.75,
    "f1_score": 0.6486486486486486,
    "auc": 0.52734375,
    "tpr": [
        0.0,
        0.0625,
        0.0625,
        0.125,
        0.125,
        0.3125,
        0.3125,
        0.5625,
        0.5625,
        0.625,
        0.625,
        0.75,
        0.75,
        0.8125,
        0.8125,
        0.875,
        0.875,
        0.9375,
        0.9375,
        1.0
    ],
    "fpr": [
        0.0,
        0.0,
        0.125,
        0.125,
        0.3125,
        0.3125,
        0.375,
        0.375,
        0.4375,
        0.4375,
        0.5625,
        0.5625,
        0.625,
        0.625,
        0.875,
        0.875,
        0.9375,
        0.9375,
        1.0,
        1.0
    ]
}